Date,Tags,Headline,Locations,Dream Length
27-Dec-16,NASCAR Cocaine Arrest Jail Trial Fear Selfishness Travel Restriction,Group at NASCAR Race Busted by Police Face Consequences of Cocaine Deal,NASCAR Race Jail Thailand,252
04-Dec-16,Rocket Moon Crash Aliens Animals Costumes Fight,Dreamers Moon Mission Fails Leads to Extraterrestrial Escapade,Orinda Hills Moon intended Alien location,169
28-Nov-16,Theater Seafood Unpleasant Dream Bathroom Beach Car Trip Hot Springs,Unpleasant Experiences Followed by Soothing Hot Springs Trip in Ocean Parking Adventure ,Orinda theater Beach with hot springs,293
25-Nov-16,Uber Pregnancy Dream Friendship Conflict Adventure Alienation,Mysterious Relocation Surprise Pregnancy Alien Killer Seal and Space Wars,Concord Okinawa Sacramento Barcelona Walnut Creek Dads House a Church a Party a Shop a Planet a River,513
17-Nov-16,Desert Survival Weapons Postapocalyptic Group Strange animals,Survival in a PostApocalyptic Desert with Unusual Fauna,Forest desert,195
16-Nov-16,Camp JET program Friendship Whisky Car crash Steep Roads Divorce Louisiana Sleeping,Unexpected Encounters and Climbs During Dream Adventure,Sierra mountains Japan Louisiana,284
11-Nov-16,Adventure Anxiety Danger Rescue,Intense Backpacking Adventure with Chotika Leads to Risk and Dramatic Rescue,Camping Trip Cities unspecified California Condo,128
09-Nov-16,Travel Money Friend Starbucks Anger Journey,Unique Starbucks Money and Annoyance in Room During an Unidentified Journey in Thailand,Thailand Dreamers Room,83
08-Nov-16,Relationships Fear Finance Violence Conflict,Unsettling Discovery of Girlfriends Secret Boyfriend Leads to Contemplation of Relationships Future ,Myliens house university,168
07-Nov-16,Jealousy Party Foreigners Cheating Airbnb,Dreamers Jealousy Surfaces amid Moos Airbnb Party and Suspected Infidelity,Moos House Unnamed Location,50
22-Oct-16,Travel Old Students Tree House Gifts Anger School Time,Former Teachers Tense Journey to Okinawa and Mixed Emotions Towards Past and Present ,Okinawa Tall Tree House School Bus,124
20-Oct-16,Friendship Rejection Party Selfconsciousness Work Creativity Misfortune Birth Rapid Growth Language Hierarchy Gift,A Cascading Journey from Social Gathering to Unexpected Childbirth and Hierarchy Encounters,Icekrimski mhs school downtown Davis theater momLarrys house remote place,509
14-Oct-16,Relationship Job Assistance Music Dream realization Fantasy Adventure Violence War,Adventure and Help in Dreamland,Unspecified city Unspecified hotel or apartment Unspecified bar Staircase Forest,263
05-Oct-16,School Late for Class Friends Housemates Car Show Mall Accidents Football Meeting,Recollections of A Dream,DVC School Dreamers House in Japan Mall Miramonte High School,563
29-Sep-16,Party Attraction Discomfort Longing Individual Perception,Dreamer Flirts with Stranger Faces Discomfort and Longs for Someone,America Big House,63
13-Sep-16,Camping Helping Driving Racism Language Anxiety High School,Discomforting Camping Experience Leads to Risky Driving and Unexpected Racism Meeting ,Benicia Bridge High School Racists Anonymous meeting train tracks camping place,336
09-Sep-16,Politics Dream Rally High school friends Decision making,Oscillating between a Lonely ProTrump Rally and an Exciting ProClinton Party in Dream,New York city California,222
07-Sep-16,Sex Friends Memory Pleasure,Frequent Sexual Encounters with Friends and Anonymous Partners,Not Mentioned,39
07-Sep-16,Pets Death Fear Blame Emotion,Dreamer Confronts Petas Death and Deformity in Emotional Outburst,The Kenwal house some balcony,119
06-Sep-16,Movies Parody Bathroom Discomfort Humor,A Trip to the Movie Theater Turns into a Sanitation Nightmare,Movie Theater Bathroom,124
03-Sep-16,Relationship Jealousy Party Betrayal Violent Imagery,Girlfriend Engages in Flirtatious Behaviour and Ends Relationship at Party,Party,74
02-Sep-16,Mischief Guilt Scorpion Bite Unconsciousness Family Occasion Skipping Responsibility Regret,Unintended Consequences,Apartment,103
25-Aug-16,Murder Fear Deception Anxiety Crime Guilt,Disturbing Dream involving Murder and Transporting Illegal Goods,Unmentioned House Unmentioned Roadway,240
15-Aug-16,Dream Parties Friends Movie watching Hard drives Anxiety Relationship Embarrassment,Luxuriant House Parties with Friends and Mysterious Movie Plots,Dreamers mom and Larrys house front yard inside the house movie theater in the movie theyre watching,256
12-Aug-16,Moving Dream Animals Friends Fear Repayment Impossibilities,A Disturbing Return to Davis alongside friends and an eldery pet performing impossible feats,Davis West Davis Bangkok,117
28-Jul-16,Social Anxiety Misidentification Alienation Futuristic Setting Party Scene Uncertainty,Alienation and Discomfort at Futuristic Hilltop Party,Kayhans House Community Pools,145
26-Jul-16,Elevator Interaction Misunderstanding Communication Teaching Subtle Rejection,Unexpected Encounter and Clarification on an Elevator Ride,Clayton Valley,92
25-Jul-16,Car Driving Travel Spain Communication Confusion,Perplexed Journey through Faux Barcelona Reveals Communication Challenges,Spain Barcelona,118
10-Jul-16,Relationship Breakup Home Family Uncertainty,Remembering Past Relationships in Bangkok Condo ,Dreamers Condo Tannys Condo in Bangkok,49
10-Jul-16,Beach House Harassment Protection Boat Failing Class Study,Swipe at Harassment  Classroom Struggles  Two Chapters from a Vivid Dream,Beach House Boat Class,161
06-Jul-16,Podcast Judge John Hodgman Fickett Disagreement Authority,Dream Drama Resolved with Podcast Personality Involvement ,Not mentioned,63
04-Jul-16,Summer Camp School Myanmar Drug Deal Reunion Debt Medical School,Revisiting Past in Drug Deal Drama and Reunion at Myanmar School Camp,Myanmar School,139
03-Jul-16,Family Travel Friends Dream Identity Celebrities Pets,Dreamers Father Organizes Grand Family and Friends Tour Dreamer Dates Whitney,Country Parking Lot,180
03-Jul-16,Friendship High School Conversation Skyscraper Memory,High School Reminiscing Amidst The City Skies  ,Skyscraper office,32
26-Jun-16,Banquet High school friends Celebration Skateboarding,The Dreamer Hosts a Festive Banquet with Old Acquaintances,nan,135
26-Jun-16,Bangkok Motorcycle Accident Cats Better Call Saul Hotel Wallet Purse,Biking Adventure in Bangkok Involves Encounter with Cats and Surprise Wallet Gift,Bangkok House with big cats Hotel,129
26-Jun-16,Teaching English Student Forgetting Asleep Confusion,English Teacher Forgets Students Name and Falls Asleep During Conversation ,Not mentioned,91
26-Jun-16,Party Diversity High School Reunion Water Filter Dance,A Multicultural Party Escapade Turns Into a High School Reunion ,Restaurant High School Reunion,166
22-Jun-16,Spilling Cleaning Damage Confusion,Mysterious Spill Leads to Unexpected Consequences,Kitchen Downstairs,68
15-Jun-16,Confusion Lost Meeting Synchronization,Lost in the Maze of a Huge Building Misses Important Meeting,Huge Building,98
10-Jun-16,Sleepover First Time Love,Dreamer Hosts ààà¹ for FirstTime Sleepover Encounters Emotion of Love,Not Mentioned,11
04-Jun-16,Sex Distraction Mobile Phone Intimacy,Dreamers Sexual Moment Marred by Companions Phone Distraction,Not specified,31
30-May-16,old friend movie theater missing child mother foreign language loud talking,Loud Banter and Forgotten Kid in a Bangkok Movie Theater ,Bangkok Movie Theater,106
23-May-16,Friends Confusion Transportation Housing Relationships,An Intricate Dream Packed with Friends Transport Disarray and an Intriguing Living Arrangement,Orinda Theater Hatteras Place Downs Sleepy Hallow Area Oakland Hills a Large Flat,381
14-May-16,Brothel Teaching Desire Time Constraint,Dreamer Entertains Desire in Brothel Amidst Teaching Commitments,Brothel,60
14-May-16,Travel Family Exploration,A Multinational Family Exploration Journey,Spain Georgia Tblisi Armenia,37
14-May-16,Family Cooking Uncertainty Home Surprise Visit,Dreamer juggles cooking duties and unexpected family visits at family home,Dads house Mall Bangkapi mentioned indirectly,84
14-May-16,Hill Lafayette Orinda Bay Area Old woman Kindness Rewards Floating Meditation,Floating Meditation Sparked by Selfless Rewards in Scenic Bay Area Journey,Lafayette Orinda Bay Area,152
12-May-16,Sex Bus Community College Pregnancy,Sexual encounter with Vanessa on a Commuter Bus,Commuter Bus Community College,89
24-Apr-16,Conflict Violence Protection Celebrities Unfamiliar Environment,Dreamer Tries to Save Former President Barack Obama from Potential Attack,Kenwal Honda dealership Dads room,172
23-Apr-16,Survival Conflict Strategy Friend Fear,Fearful Hunger Games Scenario Unfolds Friendship Averts Danger,House in Orinda,127
20-Apr-16,Travel Meeting People Repeat Encounters Military Romance,Regular JetSetter Meets Globetrotting Beauty Amid Military Witness ,Unspecified places in the world Airplane Japan mentioned Brazil mentioned,105
20-Apr-16,Romance Awkwardness Embarrassment,Attempting to Impress Future InLaws Leads to Unforeseen Embarrassment,Ericas house in Wisconsin,65
20-Apr-16,Entrepreneurship High School Road Trip Blackmail Roller Coaster First Kiss,Entrepreneural Thwart and Unexpected First Kiss Experience in Dream,Wisconsin Amusement Park,291
19-Apr-16,Family Conflict Apocalypse Fear Sickness Relief Health Issues,A Family Dispute Followed by an Apocalyptic Nightmare and a Puzzling Injury,Home Haircut Salon River High ground Temple,167
18-Apr-16,Dealership Car M5 Lease Financial Burden Thomas,Unexpected Financial Burden After Dreamer Gets Desired Car Lease,Dealership,54
12-Apr-16,Intimacy Conversation Relationship,Intimate Conversation With Nana About Her Love Life,Bedroom,16
05-Apr-16,School Friends Anxiety Adventure,Unconventional Stroll with Friends Reveals Anxiety Over English Class,MHS which is somehow Silverwood,91
05-Apr-16,Travel Ecig Store Struggle Children,Dreamer and Companion Struggle in Thai Smoke Shop,Thailand Smoke Shop,54
03-Apr-16,Friends House Teaching Language Old Man Speech Political Announcement Unexpected News Cancer Sympathy Handicrafts,Transition from Language Lessons to Sudden Political Announcement  Illness Revelation at Friends House,Kirks house,329
03-Apr-16,Travel Highway Financial Freedom Job Quit Adventure,Financial Freedom Leads to Leisurely Highway Journey in Bangkok,Highway 24 Orinda Bangkok,55
03-Apr-16,NonHuman Figure Brothel Motorcycle Lorry Family Philippines Custody Battle Electricity Dog War Ben Afflecklike figure Road Trip Gas Station Car Theft,Fantastical Encounters,American west town in Nevada Philippines Highway Petrol station,585
27-Mar-16,Nana Sponseror Dream Relationship Intimacy,Dreamers Intimate Encounter with Nana Leads to Awakening,Nanas Place,169
26-Mar-16,Field Trip Argument Language Misunderstanding High Speed Drive Traffic Crash Landing,HighSpeed Adventure and Misunderstandings on a Field Trip,Unspecified City,147
25-Mar-16,Friendship Visiting Forgetfulness,Friendly Gathering Between Dreamer and Dorian Forgotten,Dreamers place Dorians place,29
18-Mar-16,Conflict Guilt Rules Responsibility Violence,Forced Fight with Chotika Ends in Regret and Loss,Home,87
18-Mar-16,Dream Currency Social Gathering Food,Dreamers Modish Currency Amazes But Cant Afford Fries,Not Specific,94
18-Mar-16,Unfulfilled Expectations Desire for Connection Emotion Dimensions of Relationships,Unresolved Tensions in Chance Encounter with Chotika,Chotikas building stairs third floor,80
18-Mar-16,Family Expensive Dining Helicopter Excessive Eating Transformations Aspirations,A Surreal Dream of Extravagant Dining and Unusual Lifestyle ,Not mentioned,157
16-Mar-16,Friendship School Anxiety Lost Items Travel Driving Dream Locations Nostalgia,A Journey through Languages Lost Items and Unusual Interactions,High School rustbelt town Moms condo building Shan State,495
13-Mar-16,Friendship Communication Humor,Dreamer Jokingly Tries to Persuade Friend About Chatchais Sexuality,Not Mentioned,38
12-Mar-16,Flying Adventure Frustration City Views Technology failure,Flying High Over Urban Landscape with Unrecorded Memories,Unidentified city,38
09-Mar-16,Dream Friendship Chase Transformation Riding Home invasion Vandalism,Dream Journey with Emotional Expression Adventure Ride and Home Invasions,Markets Round Table 1103 Kenwal Dreamers House,340
08-Mar-16,School Police Language Confusion Car Theft Driving Crowd,Chaotic Classroom Visit Car Theft and Difficult Drive in Crowded Boardwalk ,High School Car Crowded Boardwalk,269
07-Mar-16,Politics Uncle Travel,Uncle Khaeks Enthusiasm for Ted Cruzs Visit Spurs Controversy,Bangkok airport,43
07-Mar-16,Visitors Friends Dream House Mother Silence Sleep Preparation,Serene Visit to Dreamers Imaginary Home Amidst an Abandoned Strip Mall,Dreamerâs house Big parking lot Abandoned strip mall,70
07-Mar-16,Car Politics Imagery,Old Volvo and Highend BMW Convey Political Paradox,Parking Lot,43
04-Mar-16,Travel Road Trip Fear Water Culture,Thrilling Transcontinental Road Trip Unexpectedly Ends in Flooded Thai Village,Utah Thai village Chao Phraya River Hotel Suite,134
02-Mar-16,Conflict Renovation Friends Miscommunication Union Grandparents Missing classes Relationship University,A Chaotic Blend of Friendship Woes Home Improvement Romantic Endeavours and University Life,Walnut Creek type town university dorm,228
08-Feb-16,Desire Ice Tension Friends House,Unfulfilled Quest for Ice Sparks Tension at Friends House,Lawrences House,30
03-Feb-16,Cars SUV Truck Dog English speaking Caravan Garage,Grand Vehicles and a Linguistic Canine Stir Adventure in a Garage Voyage,Parking Lot Garage,102
03-Feb-16,Cats Hunger Grandma Grandpa Boxes Talking Cat Facebook Pets Dream interpretation,Curiosity Spares the Cat,Home,221
30-Jan-16,Terrorist Attack Accident Survival Dream Ally Dream Change Encounter Thai Police Station,Survivors Perilous Trek to Safety Amidst Missile Attack and Gunfire,Orinda Snowy Mountain Thai Police Station,110
26-Jan-16,Condo Fish Dream Out of Proportion U Delight Condo East View New Building,Dream Displays Gigantic Fish Being Caught from New Building by People,U Delight Condo New Condo Building,76
22-Jan-16,Travel Friends School Family Clothing,Journey Back to Thailand Showcases Old Friendships and Borrowed Shorts,San Francisco Bart Station Bangkok Thailand Secondary School,152
21-Jan-16,Party Teenagers Misbehavior Conflict Family Gifts Fear Drugs,Party at Moms House Turns into Chaotic Evening Full of Conflict Irresponsibility and Fear,Moms House,144
18-Jan-16,Pets Monkeys Health Fear Family,Elderly Talking Monkey Gets Unexpected Injection While Dreamer Battles Fear of Treatment ,Home,189
18-Jan-16,Education Teaching Shopping Clothing Diversity Work Training,Dreamer Negotiates Teaching Role and Clothing Crisis Amidst New Worker Training,College Shopping Mall,89
18-Jan-16,Late for class Teaching Conversation Peers Insults Career Movement,Overcoming Tardiness and Keeping Students Engaged Former Peers Bring Surprising News and Transformation ,School Lobby College BTAD Couchsurfingcom,369
10-Jan-16,Sleep Paralysis Isolation Desire for Connection Fear,Paralyzed and Alone,BKK Bangkok Condo,111
10-Jan-16,City Transformation Highway Couchsurfer House,Quiet Orinda Transforms Into Metropolis in Dream Interaction With Couchsurfer Avoided,Orinda House Orinda,87
06-Jan-16,Home Bed Intimacy Emotional Interaction,Expressions of Tactile Intimacy Catch Realitys Edge in a Dream,Dads House,65
23-Dec-15,Old Coins eBay Motorcycle MHS Schedule Football Team Motorcycle Racing Team,Valuable Coins Discovered and Misunderstood Identity at School,Millies MHS,131
14-Dec-15,War Gangs Conflict Anxiety Unintentional Harm Fear Dreams,Blue Gang Member Mistakenly Shoots Ally in Heated Gunfight ,Big apartment block staircase,231
13-Dec-15,Presidency White House 1980s Barack Obama Ronald Reagan Technology,A Visit to the White House,White House,101
13-Dec-15,Chimpanzee Transformation Mystery Identity,Mysterious Chimpanzee Transforms into a Woman from Okinawa,Okinawa Street,73
12-Dec-15,Apocalypse Danger Escape Train Shooting Girlfriend Protection,Apocalyptic Train Escape Amidst Chaotic Shootings,Train,67
09-Dec-15,Work Movie Theater Colleague Sleep Confusion Attraction,Stuck in a Dream within a Dream in a Movie Theater WorkSleep Arrangement,Movie Theater the dreamers bedroom The Cube 971,254
02-Dec-15,Family Miscommunication Accusation Drugs Health Concern,Grandpa Sams Misdirected Email Sparks Family Concern Over Health and Possible Drug Issues,None Mentioned,93
02-Dec-15,School Creepy Encounter Child Protection Thailand Danger,Adult Dreamer Confronts Inappropriate Teacher on Thailand School Visit,ElementaryMiddle School Thailand Womens Bathroom,315
01-Dec-15,Sexual Dream Casual Relationships Imagination,Dreamer Fantasizes About Multiple Partners in Dreamland House,Dreamland house,53
30-Nov-15,Work Theft Frustration Japan Teaching,Japanese Teaching Gig Turns Into Car Theft Frustration ,Japan Nakijin Parking lot,156
22-Nov-15,Hotel Sleep Distress Physical discomfort Assistance,Distorted Face Woes in Hotel Dream,Hotel Bathroom Apartment,128
22-Nov-15,Work Frustration Unusual Expectations Discontent,Work Tensions and Unexpected Visitor at Honda,Honda Korea,120
22-Nov-15,Hiking Family Camping Horse and Buggy Traffic Conflict,Dreamer Recalls Memorable Hiking Trip Turned Sour due to a Car Collision,Hiking trail Camping spot City Traffic,192
13-Nov-15,High School Graduation Party Mansion Relaxation Miscommunication Cancelation,Unexpected Party Cancelation During High School Graduation Celebrations,Mansionlike house High School Hot Tub,183
13-Nov-15,Adventure Friends Locations Guilt Intimacy,Adventurous Bike Ride in Bangkok Leads to Unexpected Events and Guilt ,Bangkok,101
13-Nov-15,Work Car School Anxiety Escape Guns Toy Candy Running Chase,Frenzied EscapeAndChase Dream Includes Unstable Coworker Guns and Candy Mishaps,Silverwood a school a hill,326
11-Nov-15,Drinking Meeting Dream within a Dream Confusion College Government Building,College Meeting Ends in a Drunken Dream Twist,àààà¹ààà Government Building Dreamers Home,145
09-Nov-15,Driving Car Toll way Payment Debt,Paying Unsettled Dues during a Car Ride with Chotika,Toll way,40
07-Nov-15,Beach Waves Family Sleep Abandonment,Swept Up in the Tide,Beach House,69
07-Nov-15,Family Pets Anxiety Memory confusion,Dreamer Experiences Confusion and Worry Over Misplaced Pet,Home,63
03-Nov-15,Party Bingo Miscommunication Anxiety,Tension at Bingo Game Managed by Dreamer at Party with Giorgio,Georgia,82
25-Oct-15,Technology Driving Conflict Language Dream Awareness,Untrustworthy Stranger and Language Shift Confirm Dream State,Not specified,162
20-Oct-15,Comedy Seinfeld Jennifer Tun Dream Interaction,Dream Interaction with Jennifer Tun in Seinfeld Comedy Movie,Not Mentioned,17
15-Oct-15,Sexual Casual Relationships Recollection Multiple Partners,A Pattern of Casual Nonchalant Sexual Encounters ,Various houses,110
13-Oct-15,Romance Intimacy Anxiety Party Interrupted,Romantic Interludes and Unexpected Interruptions at Party,Party at Some Guys House Restaurant,158
04-Oct-15,Friends Car Ride Conversation House Nostalgia,A School Pickup Leading to Nostalgic Conversations at Old Home  ,Car School Chotikas old house Bathroom Condo,95
02-Oct-15,Football Strangers Game Goal Friends Kirsty Conversation,Dreamer Wins Football Game and Talks about Life with Friends,Football Field,172
01-Oct-15,Nursing Home Library Elevator Magazines The Economist Pamphlets Timberland Mother,Comfortable Elevator Ride and Unexpected Runin with Mother in Nursing Home Library ,Millies Nursing Home Library Elevator,215
30-Sep-15,Airplane Luxury Feeling Cheated Danger City Travel,Upscale Air Travel Followed by Frivolous Dangerous City Flight Adventure,Airplane Unknown city,159
30-Sep-15,Adventure Fear Discovery Mystery Cultural Mixture,Unplanned Expedition into an Ancient Pyramid Full of Mysteries Migrant Workers and a Surprising Camp Counselor,OIS sports fields Old Pyramid Mysterious Room in Pyramid Nakijin Junior High School,394
20-Sep-15,Adventure Friendship Fear Chaos Violence Guilt,From Exciting Outdoor Adventure to Harrowing Violence,Caminolike albergue Car 800 miles away from California Louisiana Dock Boat Alley Room,587
18-Sep-15,New Home Students Age Inappropriate Advance Relationships Meetings Cancellations,Adjusting to a New Home with Visits and Unwelcome Advances,New condo Bangkapi,127
16-Sep-15,Family Sexuality Celebrity School Adventure Group Dynamics Fear Sanitary Concern,Virtual Sexual Exploration Celebrity Encounter and Dreaded Toilet Slide in Animated Dream,Home Old Pool Field Trip Location Toilet Slide,252
09-Sep-15,Real Estate Friendship Traffic Carnival Mischievous Behavior Fantasy Sex,A Real Estate Exploration Turns into a Flight Over Fantasy Carnival ,Thong Lo,169
08-Sep-15,TV Show Comedy Adventure Camping Ecommerce Food,A Surreal Adventure with Trailer Park Boys,Moraga Taco Bell,197
03-Sep-15,The Beatles Movies Dream Mom Lamborghini Parking Popcorn Credit Card Jurassic Park Ringo Starr,Dreamers Movie Date with The Beatles Ends in a MoodKiller,Movie Theater,156
21-Aug-15,Work Relationships Travel Surprise Confusion,HearttoHeart with Ex Unfulfilled Sailing Dreams and Unexpected Thai Conversation ,Moraga Orinda San Francisco,404
14-Aug-15,Family Alcohol Concern Grandpa Party House,Confronting Grandpas Unexpected Alcoholism at a Family Gathering,Grandpas house,259
10-Aug-15,Father Car Dodge Intrepid Damage Unknown Destination,Enigmatic Journey with Father in Vintage Cars,Not Mentioned,31
10-Aug-15,New Location Visitor Intimacy Fear Overwhelming Peer Pressure,Unexpected Visitors and Unwanted Gifts increase Pressure in New Abode,New place Kitchen,167
10-Aug-15,Anxiety Family Home Adventure Unknown Transportation,Restless Night of Eerie Sounds Home Exploration and a Transforming Bedroom,Dreamers Bedroom Kitchen New Found Room Master Bedroom Freeway WaterEncompassed Flat Road,214
05-Aug-15,Dream Fear Escape Strength Moving Deadline Packing Storage Bridge Height,Thrilling Dream of Precarious Height Impending Deadline and Packing Concerns,Camp Davis Bridge,158
05-Aug-15,Dream Barack Obama Noam Chomsky Michelle Obama Lecture Famous People Conversation Interview Injury Children,Dreamers Unexpected Encounter with Obama Family,Davis or a familiar place,214
03-Aug-15,Conflict Weaponry Deception Victory,Fearless Faceoff,Inside two trucks,183
03-Aug-15,Family Vehicles Home,Family Gathering with Cars at Kenwal House,Kenwal house,18
02-Aug-15,Soccer School Homework,Reliving High School Soccer Game Ebbs with Tension and Nostalgia,Home MiddleHigh School,40
02-Aug-15,Transportation Group Effort Failure,Attempted Teamwork to Jumpstart Massive Lorry Ends in Failure,Aircraft Carrier,89
01-Aug-15,Education Friendship Romance Sexual Orientation Betrayal Gambling Beach,High School Follies with Mysterious Gender Reveals Scams in Casino and Beach Hangout,New High School Corporate Office CasinoArcade Thailand Beach,300
31-Jul-15,Travel Family Surprise Work Decisions,Unexpected Family Reunion and Sudden Work Decisions in California Dream,California Bangkok Theater Airport,232
28-Jul-15,Supernatural Abilities Sexuality Emotion Lucid Dreaming,TimeStopping Erotic Adventures Turns Emotional with Potential Pregnancy Scare,Beach Movie Set,98
27-Jul-15,School Mentorship Attraction Aircraft Academic Help Misunderstanding Travel Family,High School Mentorship Sparks Attraction Amidst Homework Help and Misdirected Travel,MHS High School SFO San Francisco International Airport SD San Diego,242
26-Jul-15,Adventure School Friendship Rebellion Animals Caretaking,Revisiting Old School and Subsequent Transformation into Cat Adoption Hub  ,School Fredriks Living Room,191
26-Jul-15,Amusement Park Subway San Francisco Art Deco Driving Japanese Izakaya Argument,MotherDaughter Adventure at SF Themed Amusement Park Ends with an Argument at an Izakaya,Amusement Park San Francisco Replica Subway Izakaya,149
26-Jul-15,Dream Analysis Driving Autopilot Tickets Thailand,Unsettled SelfDriving Journey in California Leads to Risk of Penalty,California Concord Walnut Creek WC Thailand,167
25-Jul-15,Friendship Misunderstanding Fear Honesty,Misunderstanding and Fear Resolved by Honesty at Friends House,OrindaMoraga Arias house,191
24-Jul-15,Food Anger Miscommunication Friend Interaction Transportation,Unwanted McDonalds Order Causes Frustration in Moraga Visit,MoragaOrinda,116
23-Jul-15,Living Situation Friends Teachers Dining Exploration Call,Unusual Apartment Living and Nighttime Excursions End with Unexpected Phone Call,Apartment Japan Carls Junior stand Hidden hotel Bangkok,272
23-Jul-15,Storytelling Social Gathering Objectification Embarrassment,An Unexpected Display in a Social Gathering ,Unspecified location around a table,51
22-Jul-15,Dream Moving Davis Unknown People Gokarting,Unexpected Roadtrip and GoKarting Plan in Dream Encounter ,Davis GoKarting place,170
22-Jul-15,Train Old House New House Family Travel Responsibility,Ancient Train Tracks Family Reunion and Impending Return to Thailand,Kenwal house Dads New House Thailand Bakersfield,119
22-Jul-15,Cars Driving Decisionmaking,Nostalgic Drive Leads to Potential Car Sale Decision,No specific locations mentioned,32
22-Jul-15,Lake Floating Imagination Pirates Fighting Rapid Tide Harbor Fishing Trips,Imaginative Lake Floating Adventure Ending at a Bustling Harbor,Lake Harbor,77
21-Jul-15,Dream Pool Palace Taxi Work Casino Kids Games Fight Parking Garage Shooting Motorcycle Crash Temple Visit Family Penthouse Conversation Valueincrease Scheme,Sequence of Vivid and Unrelated Events Unfolding in a Dream Journey ,Jordan Pool BKK Bangkok CA California Varsity theater Parking Garage Georgia Temple Condo Penthouse Subway Station High School MHS high school Phuket Japanese style Hotel,1274
14-Jul-15,Return Confusion Acquaintances Cannabis Gift,Back in America Lost and Encountering Familiar Faces,America Community College Restaurant Fred Ahlberghs house,246
09-Jul-15,University Collapse Police High School Reunion Helping Party Lost Phone,From Collapsing University Building to High School Reunion and Misplaced Phone,Thai University High School Reunion Fearons House Yard,308
05-Jul-15,Error,Error,Error,Error
04-Jul-15,Mother Pickup Truck Thailand USA Registration Vehicle Parts,Mums Pickup Truck Purchase from Thailand Left Incomplete in USA due to Forgotten Parts,Thailand USA,34
03-Jul-15,High School Toilet Class Smell Jake Gellar Teacher Biology Powerpoint Church Group UCD DVC Restaurant Thailand,High School Bathroom Escapade Morphs into Thai Restaurant Adventure ,High School UCD DVC Thailand Thai or Japanese restaurant,291
02-Jul-15,Guns Learning Target Practice Fire Sexual Intimacy Recognizable Characters,Guided Shooting Lessons Lead to Fiery Targets and Unexpected Encounters,Not specified,204
02-Jul-15,Ben Afflek Documentary Interview Reality TV Running Mirror Portal,Hosting Chaos,Film set Mirrorportal Things Resting Spot,118
30-Jun-15,Friendship Anxiety Protection Distrust,Dreamer Torn Between Protecting Friend and Leaving Uncomfortable Situation ,Dorm Style Apartment,54
23-Jun-15,Driving Sierras Storm Falling Love Socks,Dreamers Spiralling Drive into Love Proclamation and Symbolic Sock Removal in Sierra Storm,Sierras,90
21-Jun-15,Accident Mountain Biking Safety Gear,HighSpeed Mountain Biking Fall Mitigated by Safety Gear,Street,26
19-Jun-15,Dream Analysis Emotional Relationships Memories Confusion Lost  Found Drugs,Emotional Roller Coaster Dream,Apartment in a Building A or B Starbucks Orinda hill private school in Myanmar condo in Bang Kapi,954
18-Jun-15,Suspense Police intervention Fear Surprise Intimacy Realization Job Search Encounter,Dramatic Police Search Leads to Unexpected Encounter and Revelation in Argentina,Williams house Argentina 5th floor of an old building Lobby of the building Dreamers room,358
17-Jun-15,Restaurant Unprofessionalism Gun Cat Attempted Dine and Dash Suspicion Decision Girls Lost Item,Disturbing Dining Experience Leads to Argument with Manager and a Mysterious Ending Involving Firearms,Kenwal house Restaurant across the street Kitchen Parking lot,320
15-Jun-15,Dream Friends Homes Secret Meeting Michelle Obama Sexual Activity Intrusion Awareness,Mother and Larrys Double Homes,Ohio mentioned Davis mentioned the new houses,276
11-Jun-15,Work Job Change Writing Illustration Mistake,Job Transition Leads to Unfamiliar Relations and Increased Tensions ,CAP Building,164
09-Jun-15,Travel Real Estate Resort City Exploration,Exploring Real Estate Investment Opportunities in Citylike Resort,Street in Bangkok BCN Diagonal,56
06-Jun-15,Work Car Dealership Transition Classic Cars Exotic Cars,From Regular Dealership to Classic and Exotic Car Haven,Dealership possibly a Honda dealership before the transition,36
05-Jun-15,Breakfast House Sleep School Confusion,A Peculiar Morning Routine at Dads House,Concord,78
05-Jun-15,Dream Analysis Travel Gambling Social Interactions Conflict Relationships,An Adventurous Dream in Bangkok,Bangkok BKK Mall Bar Stairs Escalator Chatchais House My Room,446
31-May-15,Family Friends Mini golfing Dream Mistakes Trust Dependence,Dreamerâs Detour From MiniGolfing leads to an Unexpected Adventure and SelfRealization,Moraga Lafayette Concord,200
29-May-15,Family Travel Fear Transportation Movie Visa Anxiety Thailand Spain Netherlands,AnxietyProvoking Trip Through SpainThailand Blend With Bizarre Movie Experience and Lost Backpack,Spain Thailand Netherlands Bangkok Cinema Art Tunnel,341
27-May-15,Wedding Party Mansion Ecigarette Drinks Amnesia Accusations Investigation Restaurant,Mystifying Mansion Wedding Taken Over by Suspected Drugging Incident,Dreamers house mansion restaurant in Lafayette,239
16-May-15,Reunion Interruptions Happiness Sexual Intimacy,Peaceful Reunion with Mylien Met with Unavoidable Interruptions,Not Specified,50
16-May-15,Travel Group Organization Misunderstandings Family Communication,Unexpected Adventures on a Group Train Trip,Train DC indirect relation,159
15-May-15,Conflict Weapons Death Famous People Party Dream Worlds Exploration Confusion,Tensions Escalate in Shared Residence Unexpected Celebrity Meetings and Global Toy Mystery ,Shared apartment Baseball Game Dreamers House,544
14-May-15,Dream Orientation Party Languages Lost Phone,Unexpected Party and Lost Phone in Mystery Location Orientation,Turkey or Myanmar not conclusive Securitys office of lost items,214
14-May-15,Cayla Kitayama Admiration Car Crash High Highway Simulation Falling Vinnie,Admiration for Cayla Kitayama and Terrifying High Highway Car Crash Simulation ,High Highway,91
11-May-15,Dream Unpreparedness Reunion Former Contact Recreation Sports,Dreamer Meets Former Contact for Meal Attends Second Reunion at RunDown Recreation Club,Outside Business meeting Restaurant Mountain ASBarcelona Volleyball pool recreation club of a school,222
10-May-15,Moving Filming Star Wars High Jump  No Seatbelts,Unanticipated Star Wars Filming Experience at Local Intersection,Barbara Road intersection with Oak,69
10-May-15,Friends Food Singing Argument Ignorance Social Interaction,Casual Gathering Takes Unexpected Turn After Singing Interruption,Not Specified,153
09-May-15,Boat Mother Fear of Heights Flood Crane Falling Water,MotherDaughter Sea Adventure Turns into SkyHigh Ordeal,Boat Crane Pier,137
08-May-15,Dream Social Situation Guilt Embarrassment,Dreamer Embarrassed by Actions at Friends Gathering,Unidentified large house South Africa mentioned,130
07-May-15,Aria Repetition Emotion,Persistent Dreams Involving Aria,Not Mentioned,12
06-May-15,School Retreat Sexual Activity Friendship Honesty Communication Conflict,Love Triangle at a School Retreat Causes Conflict,School Retreat Hiking trail,164
05-May-15,Guilt Anxiety Secret Past High school Friends,Dreamer Plagued by Guilt and Fear Over Possible Dark High School Secret,High School back entrance,81
05-May-15,Guns Bullets Trust Party Privacy Secret Confrontation Tension Confession,Tension rises at dreamers party as privacy is violated Dreamer confesses having a secret cocktail ,Dreamers Room Small Room,257
03-May-15,Travel Party Flight Adventure,HighCost Private Plane Trip and Party with Acquaintance,CM the private plane the party,61
29-Apr-15,Assassination Team Mission Strangers Team Dynamics Train Travel,Messy Assassination Team Loses Members During Enigmatic Mission,Nonspecific Train,75
28-Apr-15,War Conflict Gun Violence Government Military Adventure,Unprepared Soldier Out of Ammunition in Interactive Iraqi Conflict ,Iraq,58
28-Apr-15,Grandmothers Condo Futuristic Scary Building Scary People Train Pool Roller Coaster Chair Table Lost Items Father Emotional Conflict,Futuristic Grandmothers Condo Introduces Emotional Intrigue,Grandmothers Condo City Referenced but Not Explicitly Mentioned,167
21-Apr-15,Sports Organization Leading Soccer Unstructured,Leading Organization in Chaos,OIS,25
21-Apr-15,Party Wedding TV Movie Drinking Family Classmates Lawrence Grandpa Guestbook Car Ride Uncomfortable situation,Wedding Party Leads to Surprising and Uncomfortable Adventures for Dreamer,Dreamers house Barbara Road Larry and Moms new house,322
20-Apr-15,School Anxiety Age Misplacement,Older Student Returns to School Surrounded by Younger Peers,School,36
13-Apr-15,Work Danger Insecurity Complaint Fear,Battle for Safety in a Troubled School and Discontented Personal Life,Soapy store opposing store school classroom,149
12-Apr-15,Moving Japan Friendship Living together Relationship Adventure,Dreamers Adventurous Move to Japan Unfolds into an Unexpected Friendship Turning into a Romance,Japan Kobe Downtown,239
11-Apr-15,Friend Illness Intimacy Medical Attention,Dreamer Provides Care for Ill Friend After Revealing Encounter,Dreamers House,64
08-Apr-15,Cats Friends Overwhelm Animals Unexpected Change,Unplanned Cat Overpopulation Distracts Dreamer From Visiting Friends A Unique Colored Cat in the Pack,Not Specified,77
29-Mar-15,Roller coaster Adventure Excitement Fear,Thrilling Roller Coaster Ride Vividly Experienced in Dream,Roller Coaster,17
19-Mar-15,Dream Nightmare Fear Escape Threat Betrayal Book Conflict,A Terrifying Chase in a Villains Empire Leads to an Eventual Rebellion ,Rich Villains Shady Empire Underground,264
10-Mar-15,Water Sea Creatures Brothel Mamasan Roller Blade Shooting Mission School Armed Cadets,A Series of Unusual and ActionPacked Dream Scenarios,Water Land Moms House Lafayette Brothel Freeway Hill School Parking Lot,193
05-Mar-15,Earthquake Fear Danger High School Smoking Surrealism,Earthquake Spectacle,Tall Building Outside Area,104
20-Feb-15,Searching Celebrities Conversation Art car Awkward moment,Dreamer Finds Celebrity Brook Bundy and Engages in an Awkward Conversation About Her Art Car,Miramonte,81
11-Feb-15,Affection Intimacy Relationship,Dreamer Engages in a Passionate Moment with Chommy,Not specified,3
09-Feb-15,Road trip Motorbikes Conflict Flirting Travel Miscommunication Cultural confusion,CrossCountry Road Trip Leads to Cultural Confusion,America New Mexico Thailand mentioned Taiwan mentioned Jordan mentioned Saudi Arabia mentioned Soi Cowboy or something mentioned,300
27-Jan-15,Drones Flight Adventure Remote Control Outdoors Valleys Mountains Houses,Aerial Exploration of Majestic Landscapes with Drones transitions to Backyard ,Yosemite Kenwal House,43
25-Jan-15,Korea Middle School Short Stay Plan,Implementing the Mysterious Plan as Departure from Korea Approaches,Korea,29
22-Jan-15,Celebrity Car Conflict Bomb Adventure,Celebrity limo ride morphs into car conflict and bomb defusal,In a limo In cars,118
17-Jan-15,Explicit Content Adult Themes Friendship Dating Sexuality Confusion Recurring Dream,Dreamer Ponders Recurring Sexual Encounters in Seemingly Neverending Dream,Not specified,104
13-Jan-15,Exrelationship Jealousy Resentment Independence,Rekindling Old Flames,Not Mentioned,79
04-Jan-15,Dream Reddit Supermarket Taxi Crime Scene School Explicit Content Travel Family Conflict,A Chaotic Dreamscape of Crime Scenes Travel and Familial Struggles,Reddits front page Supermarket Crime Scene New School village near Krtsanisi Georgia Southern California Northern California Germany Tahoe Davis Bay Area,1469
20-Dec-14,Sexual Activity Interpersonal Relationships Cultural Family Work,Sexual Encounter Amid Uncomfortable Family Interactions and Work Stress,Greats House,116
20-Dec-14,Leaving Home Buffet Phone Misplaced Items Family Anxiety,Unsettled Diner Grapples With Forgotten Belongings,Orinda Sizzler or similar buffet restaurant Greats house,143
20-Dec-14,School Gym Basketball Teaching Memory Communication,Past and Present Intersect in School Setting ,Silverwood Elementary School Nakijin JHS,98
17-Dec-14,Dream interpretation Unusual sleeping arrangement Large mansion Riverside property City life Anger Conflict Attempt at peace,Surrounded by luxury and chaos,Riverside property in Bangkok Beach Inside Mansion,293
17-Dec-14,Puppies Friends Motorbike Driving Police Bribery Thailand,The Adventure of Dalmatian Puppies and a Thai Checkpoint Encounter,Concord Concord High Thailand,252
19-Nov-14,US High school reunion Shopping Mall Friends Unexpected,Unexpected High School Reunion in Shopping Mall Leads to Shocking Escapade,US Mall,111
04-Nov-14,Change Nostalgia Loss Transition,Unforgettable Memories of DTA Apartment Complex Wiped from Davis Landscape,Davis DTA apartment complex,16
30-Oct-14,Travel Flight America Friends Accommodation,An Eventful Flight to America with Friends and Affordable Accommodation Suggestion,America DVC,53
29-Oct-14,Party Drugs Suspicion Prank Parents House,Druginduced Prank Ignites Party Suspicion and Anger,America House,96
23-Sep-14,Friendship Living situation Desire Bangkok Loneliness,Close Interactions and Sharing Personal Feelings in Dream Neighborly Relations,Bangkok Jeanette Norriss home,60
07-Sep-14,Adventure Erotica Theft Racing Social Interaction Anxiety,Unsettling Dream Unfurls an Epic Night in Bangkok,Bangkok hotel gym streets stairs phone call location,453
10-Aug-14,Wet Dream Lucid Dream Sexual Dream Dream Control,Dreamer Experiences Lucid Erotic Dream and Loses Control,Chotikas apartment shaped like the dreamers own Phuket inferred from described participant,182
07-Aug-14,Party Alcohol Concern Threat Unfamiliar characters Celebrity Gunfight,Dreamer Struggles With Party Concerns Encounter With Foreign Transgender Women and Observes Celebrity Gunfight,Unnamed House America Unnamed Gun Shop Upstairs in an Apartment,247
04-Aug-14,School Trip Anxiety Motorcycle Taxi Concert Bob Dylan Aging,Hustle of a School Trip and Surprising Concert Experience in MultiDream Scenario,Home Docks Bob Dylan Concert,105
29-Jul-14,Visitation Disapproval Drugs Forced Activity Unhappiness Intercountry,Uncomfortable International Visit Evokes Past Disapproval and Unwanted Drug Use,Fredricks family house In a car Foreign country,72
26-Jul-14,Confusion Guilt Fear Secret,Dreamers Secret Job Surfaces,ECC Home,138
23-Jul-14,High School Reunion Making Cookies Clothing Feeling Out Of Place,Standing Out in Red at High School Reunion,High School Reunion Store,56
18-Jul-14,School trip Friendship Difficulty in communication Dental issues,School Trip to USA Leads to Unfinished Assignment Communication Issues and Dental Distress,USA,70
13-Jul-14,Travel Conversation Beach Shopping Boating,Border Discussion and Beachside Shopping Lead to Unexpected Departure,A country bordering Argentina Big beach Supermarket Home,82
08-Jul-14,Lost Items Anger Concert Invitation Highschool Reunion Beautiful Place Unusual Clothing Memories Skipping Lecture Found Items Racing Beach Playful Behavior,High School Reunion Turned Beach Race in a Surreal Stanford University Experience,Concord flag hill park Stanford university High school Beach,224
09-Jun-14,Education Fear Achievement Transportation Interaction,Overcoming classroom fears and journeying on tricycle taxi ,Classroom Taxi,42
13-May-14,Restaurant Conflict Dream within a Dream Gun Foreign Locations Motorcycle,Conflict Unfolds at Japanese Restaurant in Thailand Rude Customer Returns with Firearm,Japanese restaurant Thailand,81
13-May-14,Motorbike Racing Speed Risk Competition,HighSpeed Motorbike Race with Near Crash,Thanon Street in Thai,22
12-May-14,Violence Guilt Conflict Fear,Inner Turmoil and Uncontrollable urges,Unspecified building,58
11-May-14,Sexual College Life Relationships Conversation House Desert,A Threesome Gossip and Relationship Talk with an Old Acquaintance at Davis,Hanks dorm Davis Matts house desert,82
07-May-14,Friend Food Car Parking Lot Restaurant Unexpected Encounter Popular Culture,Dreamer and Friend Confronted by Fictional Character over Culinary Preference,Car Parking Lot Restaurant,55
29-Apr-14,Sex High School Memories Transformation,High School Memories and Transformation Fuel Erotic Dream ,Not Specified,35
26-Apr-14,Breaking Bad Walter White Work Money Coworkers Dream,Walter White Guides Dreamer into Lucrative Illicit Endeavors in Ambiguous Workplace ,Workplace School Area,82
23-Apr-14,Addiction Family Secrecy Road Trip Celebrities,Concealing Drug Abuse on a Road Trip with a Celebrity,Home Adam Newachecks House Road Trip,75
18-Apr-14,Death Resurrection Transformation Work Dilemma,Pixis Death and Rebirth Tied with Job Uncertainty at Honda,Honda Dealership Afghanistan,67
31-Mar-14,Addiction Substance Abuse Fighting Friendship Reflection,Struggling With Meth Addiction and Dependence on Friends ,Not mentioned,89
26-Mar-14,Guam Breaking Bad Pharmacy Ceiling 30Rock,An Unexpected Adventure in Guam with Breaking Bad and 30Rock Characters,Guam Pharmacy,50
23-Mar-14,Pregnancy Family Relationships Conflict Emotion,Romantic Conundrum Imposed by Unexpected Pregnancy in Dream,America House,88
15-Mar-14,Dream Bangkok Travel Misunderstanding Candy Restaurant Theft,Lost and Found,Bangkok Restaurant Apartment,118
15-Mar-14,Travel Friendship Architecture Countryside Foreign culture,Majestic Journey Through Thai Countryside With Friend Reveal Stunning Architectural Fantasies,Thai countryside TrainRoad alongside a cliff,56
01-Mar-14,Dream Analysis Movies Celebrity encounter Evasion,Dreamer Discusses Metadream with Breaking Bads Walter,Elevator,45
21-Feb-14,War Conflict Relationships Fear Survival,Complex Struggles In Love And War,Libya or some Middle Eastern country escalator market James house,189
17-Feb-14,Celebrity Interaction Fear Anxiety Road Trip Reunion,Comedian Bartender Breathtaking Mountain View and A Joyful Reunion,Bar Highest Mountain America California Parking Lot,163
12-Feb-14,Travel Family Disorientation Pets Home,Dreamer Shuttles Between America and Thailand Amidst Family Changes ,America Thailand,101
11-Feb-14,Technology Problems Moving Family Disbelief Love Interest,Family Relocate to Separate Units in DTA Dreamer Develops Love Interest and Faces Technological and Personal Challenges ,DTA Ocean House,99
10-Feb-14,Driving Accident Police Restaurant Language,HighSpeed Reverse Drive Leads to Crash and Police Involvement,Parking Lot Restaurant,95
05-Feb-14,Dream Sharapova Identity Unexpected Visitor House Meeting Dating,Chotikas admiration for Sharapova triggers unexpected events at dreamers home,Dreamers fathers house Bar,128
04-Feb-14,Cruise Friends Family Alcohol Drugs Anxiety,Family and Friends Engage in Wilful Indulgence during a Cruise Trip to Phuket ,Cruise boat Phuket,60
04-Feb-14,Fear Math Insecurity Intimacy Aggression Theft,Fear and Insecurities Interwoven with Physical Intimacy and Confrontation Over Lost Shoe,Top floor of a Building SF,184
30-Jan-14,Aging Reality Perception,Dreamer Confronts Sensation of Aging,None,6
27-Jan-14,Travel Sex Family Conflict Translation,Bizarre Trip to Myanmar Turns into PlanetoBoat Journey with Identity Confusion,Myanmar the car hotel plane taxi boat,216
25-Jan-14,Hotel Team Japan Streets Car Argument Lost,Annoying Collaborator and Boring Meeting Lead to Unauthorized Car Use and Lost in Streets,Hotel Tohaka Japan San Francisco,89
17-Jan-14,Work Theatre Colleagues Conspiracy Dreams,Theater Employee Contributes to Special Movie Showing Colleague Steals Essential Pepsi Mix,Theater,69
14-Jan-14,Car Driving Family Thailand Dream within dream Older Couple Vacation,Dreamer Experiences Eventful Journey in Thailand and Meets Intriguing Couple,Thailand Restaurant,94
13-Jan-14,Jealousy Relationships Unusual behavior,Unusual Interaction Between Brett and Chotika Upsets Dreamer,Not mentioned,14
11-Jan-14,Running New Girl High School Students Building Ten K Run,FundRaising Ten K Run Saw High School Students Living in Huge Building and a New Romance in Progress,Huge Building,39
08-Jan-14,Train Station High School Friends Lost Love Anxiety,Dreamer Misses Train and Feels Loss of Connection with Familiar Faces,Train Station,179
06-Jan-14,High School Reunion Mall Dream Interpretation Jumping Off Protests,High School Reunion Takes a Deadly Turn,Shopping Mall BKK Bangkok,76
04-Jan-14,Relationships Breakups Friendship,A Carousel of Romantic Relationships in Dreamland,Not specified,34
02-Jan-14,Relationship Exgirlfriend Student Host Family,Dreamer Rekindles Relationship with ExGirlfriend and Connects with Student in California Host Family Situation,California Thailand,71
27-Dec-13,Family Interaction Learning Language Study Technology,Grandpas Anger Turns Into Japanese Lesson ,Home,68
22-Dec-13,Obsessive Compulsive Disorder Confusion Interpersonal interaction,Intrusive Dream or Forgotten Act,No specific locations mentioned,59
19-Dec-13,Family Language Learning Making a Movie Stunts,Domestic Life Meets Thrilling Stunts in Unexpected Dream Sequence,Georgia implied,165
08-Dec-13,Change Fathers House Cultural Event Guest Personal Relationship Project,Transformative Change Occurs in Fathers Neighbourhood Dreamer Faces Questions about Relationship with House Guest,Dads House The Neighbourhood Garage,187
07-Dec-13,Age Difference Embarrassment Relationship,Chotikas Unexpected Elderly Companion,Not specified,21
28-Nov-13,Swimming Whales Privacy Embarrassment Communication,Swim with Whales Experience Interrupted Leads to Awkward Encounter,Private pool Bay area Home,101
20-Nov-13,Dream Analysis Friends Stress House Concern Adventure,Adventure Friendship and Concern Amidst Outgoing Friends,Saris House Street,145
20-Nov-13,Accusation Unjustified Accusation Disturbance Home,Dreamer Denied Accusations of Young Boy Smell at Friends House,Saris House,58
16-Nov-13,Guest House Conflict Memory Friends,Friends Visit stirs memories and triggers conflict,California Washington DC house,64
15-Nov-13,Relationship Lovers Party Birthday Speech Skiing Glasses,Visiting Two Lovers and Attending Hersheys Birthday With Unusual Characters,The houses of the dreamers lovers,103
07-Nov-13,Family Hotel Accident Death Emotion Fear,Tragic Family Gathering Witness Unfortunate Flying Accident from Highrise Hotel ,Hotel Skyscraper,109
06-Nov-13,Planning School Friends Hanging out Early Morning,Early Morning Planning for a Short Hangout at School,mhs school,57
05-Nov-13,River Recurring dream Ice Road Car Nasty River Whirlpools Survival Mobile phone,Perilous Drive with Alexis,River Ice road,84
05-Nov-13,Language Learning Friendship Transportation Mall,Language Learning Road Trip with Friend at Mall,Mall Parking Lot,41
05-Nov-13,Tension Conflict Travel Friendships,Tense Social Gathering Leads to Unexpected Journey and Unusual Encounters,Alex Bigmans house Honda Jazz,117
05-Nov-13,TV Horrible Movies Music Videos Manuel Varela Kim Anthony Hyer,Dreamer Watches Bad Entertainment Featuring Manuel Varela Kim and Anthony Hyer,Not mentioned,29
04-Nov-13,Bridge Driving Mountain Fear Fight Adventure Poverty Drink,Conquering Steep Heights and Altercations,Mountain Bridge Bubble tea shop,150
04-Nov-13,High School Reunion Friends Missing someone Affection,High School Reunion Stirring Up Strong Emotions,Arias House,52
02-Nov-13,Car BMW Dad Inconvenience Confusion,Unexpected Purchase of Extravagant BMW Causes Disarray,Not specifically mentioned,41
31-Oct-13,Wilderness Park Alexis Hill Creek Swimming Protective suit Water creatures,Swimming Unfazed Among Water Creatures in a Wilderness Park,Wilderness Park Hill Creek,42
19-Oct-13,Late Missed Class Thai Language Breakfast Desire,Late Arrival Causes Missed Thai Language Class Dreamer Still Wishes to Attend  ,None,25
18-Oct-13,Dream Music Festival Submission Fear Guilt Threatening Racism Career Decision Family Animals Morality,Racial Tension Facing a Moral Dilemma and Fear of Running out of Electronic Cigarette,Music festivalBurning Man event Concord Clayton road parking lot,413
14-Oct-13,Graduation Thankfulness Noise Late Arrival Reunion,Dreamer Causes a Stir at GraduationturnedReunion Ceremony,Graduation Ceremony,52
13-Oct-13,Speed Discomfort Danger Falling,Highspeed Cornering Leads to Fall Off Road,Unspecified Road,15
12-Oct-13,Friendship Participation Language Learning Smoking Birthday Isolation,Friendly Encounters Language Learning and a Lonesome Birthday,Parking Lot Thomass Car,46
07-Oct-13,Time travel Regression Confusion Family Selfconsciousness Fear Introspection,Unexpected TimeTravel,BKK Bangkok,157
06-Oct-13,Politics Power Influence Fear Responsibility Forgotten belongings,Dreamer envisions potential political influence under hardliners rule,Iran LA a forest near the hill on 5,123
06-Oct-13,Work Automobile Nature Insects Emotions,Formerly Owned Volvo Turns into an Unexpected Habitat for Bugs in Repair Shop,Auto Repair Shop,71
05-Oct-13,Internship Pressure Young people America,Stressful Internship Experience Among Young Peers in America,America,24
23-Sep-13,Friendship Celebration Disappointment Sobriety,MemoryLaden New Years Eve Marred by Rude Bartender and Disappointment,College Country Hillside Bar,83
17-Sep-13,Euthanizing Cutting Transformation Dream within a Dream Uncertainty,Unsettling Task Transforms into Surreal Encounter with Transfigured CatHuman,Unidentified House,222
16-Sep-13,High School Car Companion Impression Doing Tricks,Impressions from Kurbiss Tricks at School Returns Dreamer Ponders Over His Way Home,High School Car,81
14-Sep-13,Shopping Uncertainty Darkness Exploration Interpersonal Interaction Water,Transforming City Mall Exploration and Disturbing Social Interaction ,Big City Best Buy Store Unknown Electronic Store Multilevel Mall Indoor Babylonlike Water Landscape,209
12-Sep-13,Travel Mattress River Train Station Suitcase Theft Confrontation Captivity Relationships,An Adventurous Journey of Change Ends in Captivity and Relationship Insights,ChicoDavis Bay Area Train Station Concrete River,343
11-Sep-13,Sexual Theme Peer Interaction Pressure Inability Discomfort,High School Acquaintance Pressures Dreamer in Sexual Situation,Not mentioned,48
11-Sep-13,Tour House High School Forgotten Details,High School House Tour Filled with Unremembered Oddities,House High School,23
08-Sep-13,Airplane Flight Disaster Survival Mountain Winter Family Hiking,Dramatic Flight Ends in Impromptu Sierra Cabin Gathering,Sierras unknown cabin,169
08-Sep-13,Music videos Family Skill,Dylan Haight Excels in Music Video Identification Game,Not mentioned,35
08-Sep-13,Train Station Passport Ticket Purchase Prostitute Ad Crowd,Unpleasant Experience in Grungy Urban Train Subway Station ,Urban TrainSubway Station,75
07-Sep-13,Miscommunication Language barriers Architectures,Language Barriers and Misinterpretations Cloud Communication Amidst City Skyscrapers,Unnamed city,82
03-Sep-13,Dream Car Accident Chase Bangkok Dream Reset,Repeated Car Crashes and Reality Resets in DreamState Bangkok Adventure,Bangkok Unidentified Building Taxi Main Road,175
01-Sep-13,Family Travel Conflict Planning Authority,Family Trip to Copenhagen Sparks Conflict Over DecisionMaking and Exclusion,Home Coppenhagen perhaps a dream version of Copenhagen,162
01-Sep-13,Mystery Identity Shift Friendship High School Crush Awkwardness,High School Crush Turns Stranger in Unpredictable Condo Dream,Condo Building busy lobby elevator dreamers room,262
31-Aug-13,Friendship Exploration Interacting MultiCultural Dream Talking,The Dreamer Participates Multicultural Event and Establishes Friendship,Chico mentioned UCDC mentioned,67
30-Aug-13,High School Reunion Missed Opportunity Regret Social Media,Longing for Missed High School Reunion Spurs Social Media Contact,Not Specifically Mentioned,30
25-Aug-13,Family Waking Up Dream within a Dream,Dream Emergence from False Awakening Triggered by Fathers Call,Not specific,18
23-Aug-13,Travel Regret Guilt Abandonment Dream Emotional distress,A Dream of Guilt and Regret,Thailand SFO San Francisco International Airport,100
21-Aug-13,High School Student Relationship Adventure Travel China Assembly Breakup,High School Student Considers Breaking up with Girlfriend Over Proposed Trip to China,High School China,155
21-Aug-13,Home Intrusion Fear Confrontation Regret,Unwanted Visitors Invade Privacy Trigger Fear and Regret ,Dads house yard driveway,114
20-Aug-13,Zombie Attack Violence Fear Guilt Arrest,Apocalyptic Zombie Outbreak Leads to Accidental Murders and Arrest,House Okinawa Local supermarket Nakijin,164
20-Aug-13,Dream Survival Game Competition Conflict Chase Strategy,Fierce Survival Game Sparks Conflict and Strategy Among Friends,San Francisco Google building,136
20-Aug-13,School Dating Sex Awkward encounter Conflict,Awkward and Tense Encounters Pepper a Newly Formed School Relationship,Nakijin JHS,100
19-Aug-13,Dream Condos Tour Mieko Move Ocean Mountainous Islands,Dream Tour of Diverse Condos Ends on Greeklike Island Scenery,BKK Greecelike mountainous islands,102
19-Aug-13,Reoccurring Dream School Teaching Peer Interaction Travel Desire Public Space,Overwhelming Educational Responsibilities Meet Desire and Wanderlust in Recurring Dream,Polings Class Desk Taxi Japan Target Asia Festival,153
08-Aug-13,Ruins Egypt Greece Party Solitude,Solitary Exploration Of International Ruins Amongst Revelers,Outdoor area with ruins Egyptian walkway bridge Stream,59
06-Aug-13,Party Social Interactions Friends Assertiveness,MHS House Party,House specifics not provided MHS specifics not provided,119
06-Aug-13,Health Walk Orinda Oakland Thailand Vagrants Busy Streets Beautiful Views,Healthy Stroll from Orinda to Oakland Transforms into Thai Street Adventure,Orinda Oakland Thailand Oakland Hills,76
06-Aug-13,Building Grandmas apartment Office building Party Maids Cleaners Staircase Door Elevator,Navigating a Locked Complex,Grandmas Apartment Condo Office Building Staircase Elevator,81
06-Aug-13,Mall Auditorium Performances Oratai Music Dancing Singing Japan,Music Performances Draws Mixed Reactions at Mammoth Mall Oratai Mysteriously Disappears,Huge Mall America Phuket mentioned Japan implied,202
05-Aug-13,Travel Foreigners Hostility Dinner Party Conflict Video Games Rebellion,Tension and Rebellion in Germany,Georgia Germany France,145
04-Aug-13,Family Gathering Café Dream Characters Fruit Pie Computers Politics,Family Café Gathering Centered on Unique Fruit Pie and Political Research,Café Lounge,131
03-Aug-13,Dream Interpretation Translation Work Conflict Social Event,Dreamer Aids in Translation Work Experiences Family Conflict and Apathy Towards Social Interactions,Japan CAPlike workplace Whitneydormlike dormitory,131
03-Aug-23,Assault on Farms Conspiracy Journalism Group Dynamics Social Isolation,Conspiracy Narrated by Reporter on Farm Assaults Unveils Underlying Group Dynamics,Farm Airport Farm Class Research Scene,101
02-Aug-13,Farm Research Farmer House Preparations Car Painting,Dreamer Visits A Farmers DefensePrepared Homestead,Farm Small house Old Car,58
01-Aug-13,Dream Social Interaction Friends Town Feelings,Shared Social Disconnection in Unknown Town ,Miramonte Unknown Town,34
31-Jul-13,Bridge Crossing Car Jump Danger Escape Water,Thrilling Bridge Jump Goes Awry Dreamer and Companion Escape Safely,Bridge,88
31-Jul-13,Travel Friends Adventure,Adventurous Road Trip with Thomas and David Luther,Not specified,7
30-Jul-13,Stadium Gaming Friends Monster Attack Photography Shopping,Mega Screen Gaming Experience Transitions to Giant Mall Shopping Interactions,Stadium Outdoorindoor mall,128
28-Jul-13,Shooting Dogs Monsters Snail Fear Morphing,Guns and Monsters,None,98
27-Jul-13,Social Event Bathroom Puzzle Comical Frustration Friend Interaction,Frustration and Humor at Social Event over Peculiar Bathroom Scenario,Social Event Bathroom Someones Front Yard,145
26-Jul-13,School Reunion Accident Escalator Friendship Conflict,Accidental Push Leads to Anger and Broken Friendship in a School Setting,Class Escalator Stairs,83
25-Jul-13,Past College Dorm ID Unfaithfulness Denial,Nostalgia Turns into Revelations of Unfaithfulness in College Dorm,Freshmen Dorms High Floor,116
24-Jul-13,Intimacy Memory Mixing Desire,Dreamers Vivid Sensual Dream with Former Classmate Nadia Creates Confusion Between Reality and Fantasy,Davis,40
23-Jul-13,Travel Adventure Assistance Nature Danger,Navigating Danger on a Steep Natural Escape,National Park Dirt road,43
20-Jul-13,Hiding Escape Phone Friends Boyfriend Meditation,A Close Escape from Friends Boyfriend Leads to Thrilling Getaway,Bathroom Staircase Meditation Building Futuristic Car,109
19-Jul-13,Relationship Confusion Desire Restrictions Regret,Tension and Unfulfilled Desire with Nicole,Not specified,74
18-Jul-13,Sexual Intimacy Social Interaction Insecurity Awkwardness Strained Relationships,Tense Sexual Encounters and Awkward Social Interactions ,Not specified,116
17-Jul-13,Travel Meeting Family Engagement Surprise,Unexpected Engagement and Family Meetings in Unknown City,Unknown city airport,107
12-Jul-13,Modeling Social Interactions Peer Pressure Pleasure Discontent,Dreamer Becomes Model and Negotiates Social Pressures,Not explicitly stated,75
19-Jun-23,Friendship Dining Fear Accident Emergency Storytelling,A Lunch Loaded with Potential Danger and a Crane Accident in a Foreign Location,Danville Orinda Thailand Barbara rd camp,123
18-Jun-23,Family Travel Shopping Mall Thailand,A Casual Mall Day With Father in Thailand ,Thailand Shopping Mall,27
17-Jun-23,Family Beach House University Town Memory Friends Moving,Family and Friends Unite in University Beach House Evoking Memories of Past Moves ,BeachUniversity Town House Thailand Okinawa,130
16-Jun-13,Public Transportation Announcement Warning Station Closure,BART Station Shuts Down amid Public Service Warning ,BART station East Oakland station,55
16-Jun-13,Questioning Language Barrier Exhibition Joke Laughter,Language Lesson Turns Into Bizarre Display of Body Alteration,No specific location mentioned,146
15-Jun-13,Cruise Friends Pressure Packing Dreaming,Dreamer Feels Torn About Joining Extended Cruise Trip,Cruise Volvo station wagon Precruise party on shore,179
12-Jun-13,Dream Pirates Chase Danger Shaq Australia Sharks Beach Rescue Factory Water Slides,Terrifying Pirate Chase Turns into Enjoyable DoorConstructing Water Ride,Australia Beach Water slideconveyor belt in factory,219
08-Jun-13,Animals Help Pain Transformation Celebrities Cars,George Bush Rescues Injured Whale in Transformative Dream,No specified locations,64
25-May-13,Education Confidence School Age Friends,Feeling Cool and Confident Older Self Back to MHS for Final Exams,MHS possibly a school Cafeteria,72
24-May-13,Arranged Marriage Emotional Distress Ceremony Unfulfilled Expectations,Dreamer Grapples with Emotions and Expectations at Own Arranged Marriage,Not Specifically Mentioned,88
22-May-13,Superheroes Video Games Body Builder Robot Female ArtDeco Online Watching,Dreamer Enthralled by ArtDeco RobotFemale Bodybuilder While Searching for Gaming Content,Not Specified,32
21-May-13,Vacation Shopping Adventure Misunderstanding Escaping,An Exotic Thai Vacation Turns into an Unexpected Adventure,Thailand Chatchais place Hotel Supermarket Bus Town Gas station,266
20-May-13,School PE Tennis Failure Conflict Loneliness,School Anxiety Sporting Snub and Academic Worries,School,77
16-May-13,Event Teacher Students Running Disagreements,The Running Event the Awkward Interaction with Daya and the Discount Issue at a Thai Restaurant in Chatchais Mall,OIS a nearby mall the trail the malls Thai restaurant and on BTS trains,229
10-May-13,Moving Beach Hut Swimming Supermarket Japanese Restaurant TV Filming Volunteer Party Apartment Rearrangement,An Unusual Life Back in Georgia Featuring Beach Hut Asian Cuisine TV Appearance and a Volunteer Party,Georgia Beach on an Island Supermarket Japanese Restaurant TV Studio Apartment,155
08-May-13,Party Attraction Infidelity Music Performance,Love triangle unfolds at a party filled with music and charm,Miramonte,80
01-May-13,Movie Politics Danger Escape Wilderness Hiding,Dreamer finds themselves in perilous political movie scene plans and executes daring wilderness escape,Wilderness Large Lake River,121
19-Apr-13,Dream Adventure Transformation Threat Message,Rollerblading Adventure in Myanmar Ends with Mysterious Transformation and Threatening Message,Myanmar An Unknown Beach A Winter Vacation Home,247
18-Apr-13,Myanmar Summer School Reunion Helicopter Ride Friends Outing,A Joyful Reunion and Adventures at Myanmar Summer School,Myanmar,23
17-Apr-13,Failure Education Stress,Academic Anxiety Takes Hold in Nightmarish Class Failure Dream,None,3
30-Mar-13,Education Stress Failure Fear,Recurring Nightmare of Class Failure and Fear of Future Consequences,No specific location mentioned,57
30-Mar-13,Education Language Culture Japanese Subway,Dreamer Engages in Linguistic Exploration,Japan Subway,65
30-Mar-13,Recurring Guilt Embarrassment Urination,Recurring Nightmare of Uncontrolled Urination,Not Mentioned,9
28-Mar-13,School Retreat Flirting Brittany Dern Computer Kissing,Unanticipated Romance at School Retreat,School Retreat,27
27-Mar-13,Conflict Guerilla Movement Violence Fear Desertion Forgiveness,Reluctant participant in urban guerilla conflict seeks shelter and is forgiven after deserting,House Chinese Restaurant,149
08-Mar-13,Hiking Park Friends Toilets Mistake,Uncontrolled Urination on Hike Frustrates Dreamer,Park,40
07-Mar-13,Friends Trust Issues Accommodation,Friends Gathering Turns into Trust Issues Debate,Not mentioned,47
06-Mar-13,Adventure Treasure Hunting Egypt Islands Waves Swimming Girls,Epic Treasure Hunting Adventure Unfolds in Dream with Mother and Larry,Egypt the two islands,102
05-Mar-13,Sex School Parents Guilt,Secretive Sexual Encounter in Home and School Fears Discovery ,Orinda Mom and Larrys new place MHS Assuming this is a school,102
03-Mar-13,Old West Castle Invasion Time Travel Gun Fight Defense,Old West Castle Besieged and Defended Through Time Travel,Old West Castle,127
03-Mar-13,Travel Work TimePressure,Unexpected Leave from BKK due to Work Constriction,Bangkok Work place,25
03-Mar-13,Detachment Fear Body,The Night of Detachable Body Part and Fear,None mentioned,11
27-Feb-13,School Language barrier Cultural differences Disruption Support,Cultural Clash and Supportive Friendship in School Setting,Nakijin Junior High school American School of Barcelona,50
27-Feb-13,Roof Teaching George Harrisons Son Music Photography,Encounter with George Harrisons Son Leads to Photographic Frustrations in Dream Sequence,Mandalay,91
27-Feb-13,Nakijin students Shoshin character Office building Hide and seek Genki,Dreamer Engages in Hide and Seek Game in Office Building with Nakijin students,Office building,83
26-Feb-13,Party Social Interaction Romance Anxiety,Dreamer Revisits Past Party Scene Encounters Love Interest and Experiences Separation Anxiety,Davis Party,57
26-Feb-13,MUN conference Hostel Soccer game Smoking,Unexpected Outcomes at MUN Conference Leads to Disappointment,Hostel MUN conference,72
26-Feb-13,Friendship Attraction Discomfort Adventure,Unresolved Mall Attraction During Town Exploration,Phuket Mall,83
26-Feb-13,Love Affair Guilt,Flirting with Marriage Boundaries and SelfLoathing Emerge in Dream ,Not specified,27
